{
	"format_version": "1.8.0",
	"animations": {
		"0": {
			"loop": true,
			"animation_length": 3,
			"bones": {
				"Torso": {
					"rotation": {
						"0.0": {
							"vector": [0, 11, 0]
						},
						"0.4583": {
							"vector": [-0.97058, 10.95762, -5.0931]
						},
						"0.9167": {
							"vector": [0, -24, 0]
						},
						"1.0": {
							"vector": [0, -23, 0]
						},
						"1.0833": {
							"vector": [0, -24, 0]
						},
						"1.4167": {
							"vector": [0, -24, 0]
						},
						"1.75": {
							"vector": [-0.88045, -9.96156, 5.07673]
						},
						"2.2917": {
							"vector": [5, 10, 0]
						},
						"2.7917": {
							"vector": [5, 10, 0]
						},
						"3.0": {
							"vector": [0, 11, 0]
						}
					}
				},
				"Neck": {
					"rotation": {
						"0.0": {
							"vector": [0, 0, 0]
						},
						"0.3333": {
							"vector": [10, 0, 0]
						},
						"1.0": {
							"vector": [0, 0, 0]
						},
						"1.4583": {
							"vector": [0, 0, -10]
						},
						"1.875": {
							"vector": [0, 0, -10]
						},
						"2.2083": {
							"vector": [0, 0, 0]
						},
						"2.2917": {
							"vector": [0, 0, -2]
						},
						"2.4167": {
							"vector": [0, 0, 0]
						}
					}
				},
				"Head": {
					"rotation": {
						"0.0": {
							"vector": [0, -15, 0]
						},
						"0.3333": {
							"vector": [-11.87802, -13.57462, 7.59889]
						},
						"0.5": {
							"vector": [-11.87802, -13.57462, 7.59889]
						},
						"0.9167": {
							"vector": [0, 20, 0]
						},
						"1.3333": {
							"vector": [0, 20, 0]
						},
						"1.5833": {
							"vector": [3.91279, -7.56512, 16.56197]
						},
						"1.8333": {
							"vector": [3.91279, -7.56512, 16.56197]
						},
						"2.0833": {
							"vector": [4.73625, -9.23945, -1.61237]
						},
						"2.5833": {
							"vector": [4.73625, -9.23945, -1.61237]
						},
						"2.7917": {
							"vector": [-5.13187, -12.11973, -0.80618]
						},
						"3.0": {
							"vector": [0, -15, 0]
						}
					}
				},
				"Eyelids": {
					"position": {
						"0.75": {
							"vector": [0, 0, 0]
						},
						"0.8333": {
							"vector": [0, -1, 0]
						},
						"0.9167": {
							"vector": [0, 0, 0]
						},
						"1.0": {
							"vector": [0, -0.2, 0]
						},
						"1.1667": {
							"vector": [0, 0, 0]
						}
					}
				},
				"Eyes": {
					"position": {
						"0.0": {
							"vector": [0, 0, 0]
						},
						"0.25": {
							"vector": [0.25, 0, 0]
						},
						"0.4583": {
							"vector": [0.25, 0, 0]
						},
						"0.75": {
							"vector": [0, 0, 0]
						},
						"0.9167": {
							"vector": [-0.25, 0.5, 0]
						},
						"1.1667": {
							"vector": [-0.25, 0.5, 0]
						},
						"1.3333": {
							"vector": [0.25, 0.5, 0]
						},
						"1.6667": {
							"vector": [0.25, 0.5, 0]
						},
						"1.75": {
							"vector": [0, 0, 0]
						},
						"2.0": {
							"vector": [0, 0, 0]
						},
						"2.125": {
							"vector": [-0.5, 0, 0]
						},
						"2.6667": {
							"vector": [-0.5, 0, 0]
						},
						"2.75": {
							"vector": [0, 0, 0]
						}
					}
				},
				"LeftArm": {
					"rotation": {
						"0.0": {
							"vector": [0, 7.5, -22.5]
						},
						"0.7917": {
							"vector": [0, 7.5, -22.5]
						},
						"1.0417": {
							"vector": [0, 16.5, -22.5]
						},
						"1.6667": {
							"vector": [0, 16.5, -22.5]
						},
						"1.8333": {
							"vector": [0, 7.5, -22.5]
						}
					}
				},
				"LeftBottomArm": {
					"rotation": {
						"vector": [-89.51995, 11.86554, -19.25656]
					}
				},
				"LeftHand": {
					"rotation": {
						"vector": [0, -12.5, 0]
					}
				},
				"RightArm": {
					"rotation": {
						"vector": [0, 0, 27.5]
					}
				},
				"RightBottomArm": {
					"rotation": {
						"vector": [-90, 0, -15]
					}
				},
				"RightHand": {
					"rotation": {
						"vector": [29.13367, 81.31604, 31.54495]
					}
				},
				"Cupcake2": {
					"position": {
						"vector": [0, 0, -0.25]
					}
				},
				"Body": {
					"rotation": {
						"0.0": {
							"vector": [0, 11, 0]
						},
						"0.4583": {
							"vector": [-0.97058, 10.95762, -5.0931]
						},
						"0.9167": {
							"vector": [0, -24, 0]
						},
						"1.0": {
							"vector": [0, -23, 0]
						},
						"1.0833": {
							"vector": [0, -24, 0]
						},
						"1.4167": {
							"vector": [0, -24, 0]
						},
						"1.75": {
							"vector": [-0.88045, -9.96156, 5.07673]
						},
						"2.2917": {
							"vector": [5, 10, 0]
						},
						"2.7917": {
							"vector": [5, 10, 0]
						},
						"3.0": {
							"vector": [0, 11, 0]
						}
					}
				},
				"Jaw": {
					"rotation": {
						"0.0": {
							"vector": [0, 0, 0]
						},
						"0.0833": {
							"vector": [10, 0, 0]
						},
						"0.1667": {
							"vector": [0, 0, 0]
						},
						"0.25": {
							"vector": [10, 0, 0]
						},
						"0.3333": {
							"vector": [0, 0, 0]
						},
						"0.625": {
							"vector": [0, 0, 0]
						},
						"0.7917": {
							"vector": [12.5, 0, 0]
						},
						"0.875": {
							"vector": [0, 0, 0]
						},
						"0.9583": {
							"vector": [0, 0, 0]
						},
						"1.0417": {
							"vector": [12.5, 0, 0]
						},
						"1.125": {
							"vector": [0, 0, 0]
						},
						"1.2083": {
							"vector": [0, 0, 0]
						},
						"1.2917": {
							"vector": [12.5, 0, 0]
						},
						"1.375": {
							"vector": [0, 0, 0]
						},
						"1.4583": {
							"vector": [0, 0, 0]
						},
						"1.5417": {
							"vector": [12.5, 0, 0]
						},
						"1.625": {
							"vector": [0, 0, 0]
						},
						"1.7083": {
							"vector": [0, 0, 0]
						},
						"1.7917": {
							"vector": [12.5, 0, 0]
						},
						"1.9167": {
							"vector": [0, 0, 0]
						}
					}
				},
				"RightEyelidTop": {
					"rotation": {
						"0.75": {
							"vector": [0, 0, 0]
						},
						"0.8333": {
							"vector": [87.5, 0, 0]
						},
						"0.9167": {
							"vector": [0, 0, 0]
						}
					},
					"position": {
						"0.75": {
							"vector": [0, 0, 0]
						},
						"0.8333": {
							"vector": [0, 0, -0.25]
						},
						"0.9167": {
							"vector": [0, 0, 0]
						},
						"1.0": {
							"vector": [0, -0.2, 0]
						},
						"1.1667": {
							"vector": [0, 0, 0]
						}
					}
				},
				"LeftEyelidTop": {
					"rotation": {
						"0.75": {
							"vector": [0, 0, 0]
						},
						"0.8333": {
							"vector": [87.5, 0, 0]
						},
						"0.9167": {
							"vector": [0, 0, 0]
						}
					},
					"position": {
						"0.75": {
							"vector": [0, 0, 0]
						},
						"0.8333": {
							"vector": [0, 0, -0.25]
						},
						"0.9167": {
							"vector": [0, 0, 0]
						},
						"1.0": {
							"vector": [0, -0.2, 0]
						},
						"1.1667": {
							"vector": [0, 0, 0]
						}
					}
				},
				"EyeLeft": {
					"position": {
						"0.0": {
							"vector": [0, 0, 0]
						},
						"0.25": {
							"vector": [0.25, 0, 0]
						},
						"0.4583": {
							"vector": [0.25, 0, 0]
						},
						"0.75": {
							"vector": [0, 0, 0]
						},
						"0.9167": {
							"vector": [-0.25, 0.25, 0]
						},
						"1.1667": {
							"vector": [-0.25, 0.25, 0]
						},
						"1.3333": {
							"vector": [0.25, 0.25, 0]
						},
						"1.6667": {
							"vector": [0.25, 0.25, 0]
						},
						"1.75": {
							"vector": [0, 0, 0]
						},
						"2.0": {
							"vector": [0, 0, 0]
						},
						"2.125": {
							"vector": [-0.5, 0, 0]
						},
						"2.6667": {
							"vector": [-0.5, 0, 0]
						},
						"2.75": {
							"vector": [0, 0, 0]
						}
					}
				},
				"EyeRight": {
					"position": {
						"0.0": {
							"vector": [0, 0, 0]
						},
						"0.25": {
							"vector": [0.25, 0, 0]
						},
						"0.4583": {
							"vector": [0.25, 0, 0]
						},
						"0.75": {
							"vector": [0, 0, 0]
						},
						"0.9167": {
							"vector": [-0.25, 0.25, 0]
						},
						"1.1667": {
							"vector": [-0.25, 0.25, 0]
						},
						"1.3333": {
							"vector": [0.25, 0.25, 0]
						},