{
	"format_version": "1.8.0",
	"animations": {
		"0": {
			"loop": true,
			"animation_length": 3,
			"bones": {
				"Torso": {
					"rotation": {
						"0.0": [0, 11, 0],
						"0.4583": [-0.97058, 10.95762, -5.0931],
						"0.9167": [0, -24, 0],
						"1.0": [0, -23, 0],
						"1.0833": [0, -24, 0],
						"1.4167": [0, -24, 0],
						"1.75": [-0.88045, -9.96156, 5.07673],
						"2.2917": [5, 10, 0],
						"2.7917": [5, 10, 0],
						"3.0": [0, 11, 0]
					}
				},
				"Neck": {
					"rotation": {
						"0.0": [0, 0, 0],
						"0.3333": [10, 0, 0],
						"1.0": [0, 0, 0],
						"1.4583": [0, 0, -10],
						"1.875": [0, 0, -10],
						"2.2083": [0, 0, 0],
						"2.2917": [0, 0, -2],
						"2.4167": [0, 0, 0]
					}
				},
				"Head": {
					"rotation": {
						"0.0": [0, -15, 0],
						"0.3333": [-11.87802, -13.57462, 7.59889],
						"0.5": [-11.87802, -13.57462, 7.59889],
						"0.9167": [0, 20, 0],
						"1.3333": [0, 20, 0],
						"1.5833": [3.91279, -7.56512, 16.56197],
						"1.8333": [3.91279, -7.56512, 16.56197],
						"2.0833": [4.73625, -9.23945, -1.61237],
						"2.5833": [4.73625, -9.23945, -1.61237],
						"2.7917": [-5.13187, -12.11973, -0.80618],
						"3.0": [0, -15, 0]
					}
				},
				"Eyelids": {
					"position": {
						"0.75": [0, 0, 0],
						"0.8333": [0, -1, 0],
						"0.9167": [0, 0, 0],
						"1.0": [0, -0.2, 0],
						"1.1667": [0, 0, 0]
					}
				},
				"Eyes": {
					"position": {
						"0.0": [0, 0, 0],
						"0.25": [0.25, 0, 0],
						"0.4583": [0.25, 0, 0],
						"0.75": [0, 0, 0],
						"0.9167": [-0.25, 0.5, 0],
						"1.1667": [-0.25, 0.5, 0],
						"1.3333": [0.25, 0.5, 0],
						"1.6667": [0.25, 0.5, 0],
						"1.75": [0, 0, 0],
						"2.0": [0, 0, 0],
						"2.125": [-0.5, 0, 0],
						"2.6667": [-0.5, 0, 0],
						"2.75": [0, 0, 0]
					}
				},
				"LeftArm": {
					"rotation": {
						"0.0": [0, 7.5, -22.5],
						"0.7917": [0, 7.5, -22.5],
						"1.0417": [0, 16.5, -22.5],
						"1.6667": [0, 16.5, -22.5],
						"1.8333": [0, 7.5, -22.5]
					}
				},
				"LeftBottomArm": {
					"rotation": [-89.51995, 11.86554, -19.25656]
				},
				"LeftHand": {
					"rotation": [0, -12.5, 0]
				},
				"RightArm": {
					"rotation": [0, 0, 27.5]
				},
				"RightBottomArm": {
					"rotation": [-90, 0, -15]
				},
				"RightHand": {
					"rotation": [29.13367, 81.31604, 31.54495]
				},
				"Body": {
					"rotation": {
						"0.0": [0, 11, 0],
						"0.4583": [-0.97058, 10.95762, -5.0931],
						"0.9167": [0, -24, 0],
						"1.0": [0, -23, 0],
						"1.0833": [0, -24, 0],
						"1.4167": [0, -24, 0],
						"1.75": [-0.88045, -9.96156, 5.07673],
						"2.2917": [5, 10, 0],
						"2.7917": [5, 10, 0],
						"3.0": [0, 11, 0]
					}
				},
				"Jaw": {
					"rotation": {
						"0.0": [0, 0, 0],
						"0.0833": [10, 0, 0],
						"0.1667": [0, 0, 0],
						"0.25": [10, 0, 0],
						"0.3333": [0, 0, 0],
						"0.625": [0, 0, 0],
						"0.7917": [12.5, 0, 0],
						"0.875": [0, 0, 0],
						"0.9583": [0, 0, 0],
						"1.0417": [12.5, 0, 0],
						"1.125": [0, 0, 0],
						"1.2083": [0, 0, 0],
						"1.2917": [12.5, 0, 0],
						"1.375": [0, 0, 0],
						"1.4583": [0, 0, 0],
						"1.5417": [12.5, 0, 0],
						"1.625": [0, 0, 0],
						"1.7083": [0, 0, 0],
						"1.7917": [12.5, 0, 0],
						"1.9167": [0, 0, 0]
					}
				},
				"RightEyelidTop": {
					"rotation": {
						"0.75": [0, 0, 0],
						"0.8333": [87.5, 0, 0],
						"0.9167": [0, 0, 0]
					},
					"position": {
						"0.75": [0, 0, 0],
						"0.8333": [0, 0, -0.25],
						"0.9167": [0, 0, 0],
						"1.0": [0, -0.2, 0],
						"1.1667": [0, 0, 0]
					}
				},
				"LeftEyelidTop": {
					"rotation": {
						"0.75": [0, 0, 0],
						"0.8333": [87.5, 0, 0],
						"0.9167": [0, 0, 0]
					},
					"position": {
						"0.75": [0, 0, 0],
						"0.8333": [0, 0, -0.25],
						"0.9167": [0, 0, 0],
						"1.0": [0, -0.2, 0],
						"1.1667": [0, 0, 0]
					}
				},
				"EyeLeft": {
					"position": {
						"0.0": [0, 0, 0],
						"0.25": [0.25, 0, 0],
						"0.4583": [0.25, 0, 0],
						"0.75": [0, 0, 0],
						"0.9167": [-0.25, 0.25, 0],
						"1.1667": [-0.25, 0.25, 0],
						"1.3333": [0.25, 0.25, 0],
						"1.6667": [0.25, 0.25, 0],
						"1.75": [0, 0, 0],
						"2.0": [0, 0, 0],
						"2.125": [-0.5, 0, 0],
						"2.6667": [-0.5, 0, 0],
						"2.75": [0, 0, 0]
					}
				},
				"EyeRight": {
					"position": {
						"0.0": [0, 0, 0],
						"0.25": [0.25, 0, 0],
						"0.4583": [0.25, 0, 0],
						"0.75": [0, 0, 0],
						"0.9167": [-0.25, 0.25, 0],
						"1.1667": [-0.25, 0.25, 0],
						"1.3333": [0.25, 0.25, 0],
						"1.6667": [0.25, 0.25, 0],
						"1.75": [0, 0, 0],
						"2.0": [0, 0, 0],
						"2.125": [-0.5, 0, 0],
						"2.6667": [-0.5, 0, 0],
						"2.75": [0, 0, 0]
					}
				},
				"Body2": {
					"rotation": {
						"0.0": [0, 11, 0],
						"0.4583": [-0.97058, 10.95762, -5.0931],
						"0.9167": [0, -24, 0],
						"1.0": [0, -23, 0],
						"1.0833": [0, -24, 0],
						"1.4167": [0, -24, 0],
						"1.75": [-0.88045, -9.96156, 5.07673],
						"2.2917": [5, 10, 0],
						"2.7917": [5, 10, 0],
						"3.0": [0, 11, 0]
					}
				},
				"Head2": {
					"rotation": {
						"0.0": [0, -15, 0],
						"0.3333": [-11.87802, -13.57462, 7.59889],
						"0.5": [-11.87802, -13.57462, 7.59889],
						"0.9167": [0, 20, 0],
						"1.3333": [0, 20, 0],
						"1.5833": [3.91279, -7.56512, 16.56197],
						"1.8333": [3.91279, -7.56512, 16.56197],
						"2.0833": [4.73625, -9.23945, -1.61237],
						"2.5833": [4.73625, -9.23945, -1.61237],
						"2.7917": [-5.13187, -12.11973, -0.80618],
						"3.0": [0, -15, 0]
					}
				},
				"RightEyelidTop2": {
					"rotation": {
						"0.75": [0, 0, 0],
						"0.8333": [87.5, 0, 0],
						"0.9167": [0, 0, 0]
					},
					"position": {
						"0.75": [0, 0, 0],
						"0.8333": [0, 0, -0.25],
						"0.9167": [0, 0, 0],
						"1.0": [0, -0.2, 0],
						"1.1667": [0, 0, 0]
					}
				},
				"LeftEyelidTop2": {
					"rotation": {
						"0.75": [0, 0, 0],
						"0.8333": [87.5, 0, 0],
						"0.9167": [0, 0, 0]
					},
					"position": {
						"0.75": [0, 0, 0],
						"0.8333": [0, 0, -0.25],
						"0.9167": [0, 0, 0],
						"1.0": [0, -0.2, 0],
						"1.1667": [0, 0, 0]
					}
				},
				"EyeRight2": {
					"position": {
						"0.0": [0, 0, 0],
						"0.25": [0.25, 0, 0],
						"0.4583": [0.25, 0, 0],
						"0.75": [0, 0, 0],
						"0.9167": [-0.25, 0.25, 0],
						"1.1667": [-0.25, 0.25, 0],
						"1.3333": [0.25, 0.25, 0],
						"1.6667": [0.25, 0.25, 0],
						"1.75": [0, 0, 0],
						"2.0": [0, 0, 0],
						"2.125": [-0.5, 0, 0],
						"2.6667": [-0.5, 0, 0],
						"2.75": [0, 0, 0]
					}
				},
				"EyeLeft2": {
					"position": {
						"0.0": [0, 0, 0],
						"0.25": [0.25, 0, 0],
						"0.4583": [0.25, 0, 0],
						"0.75": [0, 0, 0],
						"0.9167": [-0.25, 0.25, 0],
						"1.1667": [-0.25, 0.25, 0],
						"1.3333": [0.25, 0.25, 0],
						"1.6667": [0.25, 0.25, 0],
						"1.75": [0, 0, 0],
						"2.0": [0, 0, 0],
						"2.125": [-0.5, 0, 0],
						"2.6667": [-0.5, 0, 0],
						"2.75": [0, 0, 0]
					}
				},
				"Jaw2": {
					"rotation": {
						"0.0": [0, 0, 0],
						"0.0833": [10, 0, 0],
						"0.1667": [0, 0, 0],
						"0.25": [10, 0, 0],
						"0.3333": [0, 0, 0],
						"0.625": [0, 0, 0],
						"0.7917": [12.5, 0, 0],
						"0.875": [0, 0, 0],
						"0.9583": [0, 0, 0],
						"1.0417": [12.5, 0, 0],
						"1.125": [0, 0, 0],
						"1.2083": [0, 0, 0],
						"1.2917": [12.5, 0, 0],
						"1.375": [0, 0, 0],
						"1.4583": [0, 0, 0],
						"1.5417": [12.5, 0, 0],
						"1.625": [0, 0, 0],
						"1.7083": [0, 0, 0],
						"1.7917": [12.5, 0, 0],
						"1.9167": [0, 0, 0]
					}
				},
				"LeftArm2": {
					"rotation": {
						"0.0": [0, 7.5, -22.5],
						"0.7917": [0, 7.5, -22.5],
						"1.0417": [0, 16.5, -22.5],
						"1.6667": [0, 16.5, -22.5],
						"1.8333": [0, 7.5, -22.5]
					}
				},
				"LeftBottomArm2": {
					"rotation": [-89.51995, 11.86554, -19.25656]
				},
				"LeftHand2": {
					"rotation": [0, -12.5, 0]
				},