{
	"format_version": "1.8.0",
	"animations": {
		"0": {
			"loop": true,
			"animation_length": 3,
			"bones": {
				"Torso": {
					"rotation": {
						"0.0": {
							"vector": [0, 10, 0]
						},
						"0.25": {
							"vector": [0, -15, 0]
						},
						"0.3333": {
							"vector": [0.41179, -12.53949, -0.38395]
						},
						"0.4583": {
							"vector": [0, -15, 0]
						},
						"0.75": {
							"vector": [0, -15, 0]
						},
						"1.0": {
							"vector": [0, 7.5, 0]
						},
						"1.0833": {
							"vector": [0, 4.5, 0]
						},
						"1.2083": {
							"vector": [0, 7.5, 0]
						},
						"1.5833": {
							"vector": [0, 7.5, 0]
						},
						"1.9583": {
							"vector": [0, -30, 0]
						},
						"2.0833": {
							"vector": [0.49438, -29.75818, -0.86035]
						},
						"2.25": {
							"vector": [0, -30, 0]
						},
						"2.375": {
							"vector": [0, -30, 0]
						},
						"2.6667": {
							"vector": [0, 10, 0]
						},
						"2.75": {
							"vector": [0.56554, 6.01519, -0.76751]
						},
						"2.9583": {
							"vector": [0, 10, 0]
						}
					}
				},
				"Neck": {
					"rotation": {
						"0.0": {
							"vector": [0, 0, 0]
						},
						"0.125": {
							"vector": [0, 0, -5]
						},
						"0.3333": {
							"vector": [-0.94076, 0.4452, -2.73057]
						},
						"0.4583": {
							"vector": [0, 0, -5]
						},
						"0.75": {
							"vector": [0, 0, 0]
						},
						"1.0417": {
							"vector": [0, 0, 5]
						},
						"1.2083": {
							"vector": [0, 0, 5]
						},
						"1.375": {
							"vector": [0, 0, -2.5]
						},
						"1.5833": {
							"vector": [0, 0, -2.5]
						},
						"1.7083": {
							"vector": [0, 0, -5]
						},
						"2.0833": {
							"vector": [0, 0, -5]
						},
						"2.1667": {
							"vector": [0, 0, -2.5]
						},
						"2.2917": {
							"vector": [0, 0, -5]
						},
						"2.7083": {
							"vector": [0, 0, 0]
						}
					}
				},
				"Head": {
					"rotation": {
						"0.0": {
							"vector": [-0.98448, 7.43547, -7.56397]
						},
						"0.125": {
							"vector": [0.98448, 7.43547, 7.56397]
						},
						"0.3333": {
							"vector": [0.6574, 7.4713, 5.04292]
						},
						"0.4583": {
							"vector": [0.98448, 7.43547, 7.56397]
						},
						"0.75": {
							"vector": [-1.30962, 7.38542, -10.08453]
						},
						"1.0417": {
							"vector": [-1.30962, 7.38542, -10.08453]
						},
						"1.2083": {
							"vector": [-13.80962, 7.38542, -10.08453]
						},
						"1.5833": {
							"vector": [-12.34671, 9.65387, -0.23559]
						},
						"1.875": {
							"vector": [-12.34671, 9.65387, -0.23559]
						},
						"2.125": {
							"vector": [25.15329, 9.65387, -0.23559]
						},
						"2.2083": {
							"vector": [20.15329, 9.65387, -0.23559]
						},
						"2.3333": {
							"vector": [25.15329, 9.65387, -0.23559]
						},
						"2.5": {
							"vector": [25.15329, 9.65387, -0.23559]
						},
						"2.6667": {
							"vector": [0.15329, 9.65387, -0.23559]
						},
						"2.75": {
							"vector": [2.65329, 9.65387, -0.23559]
						},
						"2.9167": {
							"vector": [-0.98448, 7.43547, -7.56397]
						}
					}
				},
				"Jaw": {
					"rotation": {
						"0.125": {
							"vector": [0, 0, 0]
						},
						"0.2083": {
							"vector": [15, 0, 0]
						},
						"0.2917": {
							"vector": [15, 0, 0]
						},
						"0.375": {
							"vector": [0, 0, 0]
						},
						"0.4583": {
							"vector": [15, 0, 0]
						},
						"0.5417": {
							"vector": [15, 0, 0]
						},
						"0.625": {
							"vector": [0, 0, 0]
						},
						"0.7083": {
							"vector": [15, 0, 0]
						},
						"0.7917": {
							"vector": [15, 0, 0]
						},
						"0.875": {
							"vector": [0, 0, 0]
						},
						"0.9583": {
							"vector": [15, 0, 0]
						},
						"1.0417": {
							"vector": [15, 0, 0]
						},
						"1.125": {
							"vector": [0, 0, 0]
						},
						"1.5417": {
							"vector": [0, 0, 0]
						},
						"1.625": {
							"vector": [15, 0, 0]
						},
						"1.7083": {
							"vector": [15, 0, 0]
						},
						"1.7917": {
							"vector": [0, 0, 0]
						},
						"1.875": {
							"vector": [15, 0, 0]
						},
						"1.9583": {
							"vector": [15, 0, 0]
						},
						"2.0417": {
							"vector": [0, 0, 0]
						}
					}
				},
				"TopLids": {
					"position": {
						"0.25": {
							"vector": [0, 0, 0]
						},
						"0.3333": {
							"vector": [0, -1, 0]
						},
						"0.4167": {
							"vector": [0, 0, 0]
						},
						"0.4583": {
							"vector": [0, -0.225, 0]
						},
						"0.5417": {
							"vector": [0, 0, 0]
						},
						"1.0": {
							"vector": [0, 0, 0]
						},
						"1.125": {
							"vector": [0, -0.5, 0]
						},
						"1.6667": {
							"vector": [0, -0.5, 0]
						},
						"1.75": {
							"vector": [0, -1, 0]
						},
						"2.0417": {
							"vector": [0, -1, 0]
						},
						"2.125": {
							"vector": [0, 0, 0]
						},
						"2.2083": {
							"vector": [0, -0.2, 0]
						},
						"2.25": {
							"vector": [0, 0, 0]
						},
						"2.3333": {
							"vector": [0, -0.2, 0]
						},
						"2.4167": {
							"vector": [0, -0.2, 0]
						},
						"2.5833": {
							"vector": [0, 0, 0]
						}
					}
				},
				"BottomLids": {
					"position": {
						"0.25": {
							"vector": [0, 0, 0]
						},
						"0.3333": {
							"vector": [0, 1, 0]
						},
						"0.4167": {
							"vector": [0, 0, 0]
						},
						"1.6667": {
							"vector": [0, 0, 0]
						},
						"1.75": {
							"vector": [0, 1, 0]
						},
						"2.0417": {
							"vector": [0, 1, 0]
						},
						"2.125": {
							"vector": [0, 0, 0]
						}
					}
				},
				"Pupils": {
					"position": {
						"0.0": {
							"vector": [-0.25, 0, 0]
						},
						"0.2917": {
							"vector": [-0.25, 0, 0]
						},
						"0.375": {
							"vector": [0.25, 0, 0]
						},
						"1.0": {
							"vector": [0.25, 0, 0]
						},
						"1.0833": {
							"vector": [0, 0, 0]
						},
						"2.1667": {
							"vector": [0, 0, 0]
						},
						"2.2917": {
							"vector": [-0.25, 0, 0]
						},
						"2.4167": {
							"vector": [-0.25, 0, 0]
						},
						"2.5833": {
							"vector": [-0.25, 0, 0]
						}
					}
				},
				"Eyepatch": {
					"rotation": {
						"0.1667": {
							"vector": [0, 0, 0]
						},
						"0.3333": {
							"vector": [-137.5, 0, 0]
						},
						"0.375": {
							"vector": [-135, 0, 0]
						},
						"0.4167": {
							"vector": [-137.5, 0, 0]
						},
						"0.75": {
							"vector": [-137.5, 0, 0]
						},
						"0.9167": {
							"vector": [0, 0, 0]
						},
						"1.0": {
							"vector": [-10, 0, 0]
						},
						"1.1667": {
							"vector": [0, 0, 0]
						}
					}
				},
				"Trufts": {
					"rotation": {
						"0.0": {
							"vector": [0, 0, 0]
						},
						"0.2917": {
							"vector": [0, 0, -10]
						},
						"0.6667": {
							"vector": [0, 0, 2.5]
						},
						"0.9583": {
							"vector": [0, 0, -12.5]
						},
						"1.1667": {
							"vector": [12.5, 0, 5]
						},
						"1.4583": {
							"vector": [0, 0, -10]
						},
						"1.8333": {
							"vector": [0, 0, 12.5]
						},
						"2.1667": {
							"vector": [-22.5, 0, -2.5]
						},
						"2.375": {
							"vector": [0, 0, 2.5]
						},
						"2.5833": {
							"vector": [17.5, 0, 7.5]
						},
						"2.7917": {
							"vector": [0, 0, 0]
						}
					}
				},
				"Ears": {
					"rotation": {
						"0.0": {
							"vector": [0, 0, 0]
						},
						"0.2083": {
							"vector": [4.92311, 0.04045, 0.87456]
						},
						"0.4167": {
							"vector": [-7.57689, 0.04045, 0.87456]
						},
						"0.5833": {
							"vector": [2.37524, 0.53584, 1.38102]
						},
						"0.75": {
							"vector": [0, 0, 0]
						},
						"1.0417": {
							"vector": [7.5, 0, 0]
						},
						"1.1667": {
							"vector": [-5, 0, 0]
						},
						"1.2917": {
							"vector": [7.5, 0, 0]
						},
						"1.5833": {
							"vector": [7.5, 0, 0]
						},
						"1.8333": {
							"vector": [0.35372, -2.06379, -0.84317]
						},