{
	"format_version": "1.8.0",
	"animations": {
		"0": {
			"loop": true,
			"animation_length": 2.5833,
			"bones": {
				"Body": {
					"rotation": {
						"0.0": [0, 0, 0],
						"0.2917": [0, -27.5, 0],
						"0.375": [0, -27, 0],
						"0.4583": [0, -27.5, 0],
						"1.0": [0, -27.5, 0],
						"1.375": [0, 25.5, 0],
						"1.4583": [0, 23, 0],
						"1.5417": [0, 23.63, 0],
						"1.875": [0, 22.54, 0],
						"2.4583": [0, 0, 0]
					}
				},
				"Head": {
					"rotation": {
						"0.0": [0, 0, 0],
						"0.2917": [0, 28, 0],
						"0.625": [-15, 28, 0],
						"0.9583": [-15, 28, 0],
						"1.375": [0, 28, 0],
						"1.4583": [0, 17.55, 0],
						"1.5417": [0, 28, 0],
						"2.125": [0.27846, -1.98053, -8.00481],
						"2.2917": [0.27846, -1.98053, -8.00481],
						"2.4583": [0, 0, 0],
						"2.5833": [0, 0, 0]
					}
				},
				"Jaw": {
					"rotation": {
						"0.4167": [0, 0, 0],
						"0.4583": [0, 0, 0],
						"0.5": [15, 0, 0],
						"0.5417": [0, 0, 0],
						"0.5833": [0, 0, 0],
						"0.625": [15, 0, 0],
						"0.6667": [0, 0, 0],
						"0.7083": [0, 0, 0],
						"0.75": [15, 0, 0],
						"0.7917": [0, 0, 0],
						"0.8333": [0, 0, 0],
						"1.5417": [0, 0, 0],
						"1.5833": [0, 0, 0],
						"1.625": [15, 0, 0],
						"1.6667": [0, 0, 0],
						"1.7083": [0, 0, 0],
						"1.75": [15, 0, 0],
						"1.7917": [0, 0, 0],
						"1.8333": [0, 0, 0],
						"1.875": [0, 0, 0],
						"1.9167": [0, 0, 0],
						"1.9583": [15, 0, 0],
						"2.0": [0, 0, 0],
						"2.0417": [0, 0, 0],
						"2.0833": [15, 0, 0],
						"2.125": [0, 0, 0],
						"2.1667": [0, 0, 0],
						"2.2083": [15, 0, 0],
						"2.25": [0, 0, 0],
						"2.2917": [0, 0, 0]
					}
				},
				"RightEar": {
					"rotation": {
						"1.375": [0, 0, 0],
						"1.4583": [13, 0, 0],
						"1.5417": [-21, 0, 0],
						"1.625": [-12, 0, 0],
						"1.7083": [-21, 0, 0],
						"1.7917": [0, 0, 0]
					}
				},
				"LeftEar": {
					"rotation": {
						"1.375": [0, 0, 0],
						"1.4583": [13, 0, 0],
						"1.5417": [-21, 0, 0],
						"1.625": [-12, 0, 0],
						"1.7083": [-21, 0, 0],
						"1.7917": [0, 0, 0]
					}
				},
				"RightEyelid": {
					"position": {
						"0.4167": [0, 0, 0],
						"0.5": [0, -1, 0],
						"0.5833": [0, 0, 0],
						"0.6667": [0, -0.2, 0],
						"0.8333": [0, 0, 0],
						"1.1667": [0, 0, 0],
						"1.25": [0, -0.3, 0],
						"1.7917": [0, -0.3, 0],
						"1.9167": [0, 0, 0]
					}
				},
				"LeftEyelid": {
					"position": {
						"0.4167": [0, 0, 0],
						"0.5": [0, -1, 0],
						"0.5833": [0, 0, 0],
						"0.6667": [0, -0.2, 0],
						"0.8333": [0, 0, 0],
						"1.1667": [0, 0, 0],
						"1.25": [0, -0.3, 0],
						"1.7917": [0, -0.3, 0],
						"1.9167": [0, 0, 0]
					}
				},
				"LeftEye": {
					"position": {
						"0.0417": [0, 0, 0],
						"0.2083": [0.4, 0, 0],
						"0.5833": [0.4, 0, 0],
						"0.6667": [0, 0, 0],
						"1.2917": [0, 0, 0],
						"1.4167": [-0.5, 0, 0],
						"1.7083": [-0.5, 0, 0],
						"1.9167": [0, 0, 0],
						"2.0417": [0.2, -0.3, 0],
						"2.2917": [0.2, -0.3, 0],
						"2.4583": [0, 0, 0]
					}
				},
				"RightEye": {
					"position": {
						"0.0417": [0, 0, 0],
						"0.2083": [0.4, 0, 0],
						"0.5833": [0.4, 0, 0],
						"0.6667": [0, 0, 0],
						"1.2917": [0, 0, 0],
						"1.4167": [-0.5, 0, 0],
						"1.7083": [-0.5, 0, 0],
						"1.9167": [0, 0, 0],
						"2.0417": [0.2, -0.3, 0],
						"2.2917": [0.2, -0.3, 0],
						"2.4583": [0, 0, 0]
					}
				},
				"LeftArm": {
					"rotation": {
						"1.0": [8.47288, 11.11188, -14.40924],
						"1.375": [8.47288, 11.11188, -14.40924],
						"1.4583": [8.31912, 2.20794, -15.73096],
						"1.5417": [8.47288, 11.11188, -14.40924]
					}
				},
				"LeftLowerArm": {
					"rotation": {
						"0.0": [-67.5, 0, 0],
						"0.4583": [-67.5, 0, 0],
						"0.625": [-71.69549, 13.31501, -34.84537],
						"0.7083": [-70.84335, 12.03003, -30.96268],
						"0.7917": [-71.69549, 13.31501, -34.84537],
						"1.5": [-71.69549, 13.31501, -34.84537],
						"1.6667": [-67.5, 0, 0],
						"1.75": [-67.57713, 1.91134, -4.62111],
						"1.8333": [-67.5, 0, 0]
					}
				},
				"LeftHand": {
					"rotation": {
						"0.0": [0, -20, 0],
						"1.0417": [0, -47.5, 0],
						"1.375": [0, -112.5, 0],
						"1.75": [0, -50, 0],
						"2.25": [0, -20, 0]
					}
				},
				"RightArm": {
					"rotation": {
						"0.0": [-14.2465, 48.83496, 32.50849],
						"0.6667": [-14.2465, 48.83496, 32.50849],
						"1.0417": [-29.96922, 3.05788, 15.71402],
						"1.1667": [-36.20043, 1.18974, 19.93653],
						"1.3333": [-26.12224, 4.53439, 9.34885],
						"1.5": [-48.96571, 11.27957, 27.49567],
						"1.6667": [-36.11319, 19.0871, 4.43177],
						"1.8333": [-14.2465, 48.83496, 32.50849],
						"1.9583": [-10.2465, 48.83496, 32.50849],
						"2.0417": [-14.2465, 48.83496, 32.50849]
					}
				},
				"RightLowerArm": {
					"rotation": {
						"0.0": [-108.51412, -3.94485, -34.36164],
						"1.1667": [-108.51412, -3.94485, -34.36164],
						"1.3333": [0, 0, 0],
						"1.5": [-108.51412, -3.94485, -34.36164],
						"1.6667": [0, 0, 0],
						"1.8333": [-108.51412, -3.94485, -34.36164]
					}
				},
				"RightHand": {
					"rotation": {
						"0.0": [-14.03271, 26.79524, -6.42848],
						"1.0417": [-14.03271, 26.79524, -6.42848],
						"1.2917": [-28.12892, -62.67182, 25.4046],
						"1.7083": [-28.12892, -62.67182, 25.4046],
						"1.875": [-14.03271, 26.79524, -6.42848]
					}
				},
				"LeftLeg": {
					"rotation": [0, -5, 0]
				},
				"LeftFoot": {
					"rotation": [0, -2.5, 0]
				},
				"RightLeg": {
					"rotation": [0, 5, 0]
				},
				"RightFoot": {
					"rotation": [0, 2.5, 0]
				},
				"Body2": {
					"rotation": {
						"0.0": [0, 0, 0],
						"0.2917": [0, -27.5, 0],
						"0.375": [0, -27, 0],
						"0.4583": [0, -27.5, 0],
						"1.0": [0, -27.5, 0],
						"1.375": [0, 25.5, 0],
						"1.4583": [0, 23, 0],
						"1.5417": [0, 23.63, 0],
						"1.875": [0, 22.54, 0],
						"2.4583": [0, 0, 0]
					}
				},
				"Head2": {
					"rotation": {
						"0.0": [0, 0, 0],
						"0.2917": [0, 28, 0],
						"0.625": [-15, 28, 0],
						"0.9583": [-15, 28, 0],
						"1.375": [0, 28, 0],
						"1.4583": [0, 17.55, 0],
						"1.5417": [0, 28, 0],
						"2.125": [0.27846, -1.98053, -8.00481],
						"2.2917": [0.27846, -1.98053, -8.00481],
						"2.4583": [0, 0, 0],
						"2.5833": [0, 0, 0]
					}
				},
				"Jaw2": {
					"rotation": {
						"0.4167": [0, 0, 0],
						"0.4583": [0, 0, 0],
						"0.5": [15, 0, 0],
						"0.5417": [0, 0, 0],
						"0.5833": [0, 0, 0],
						"0.625": [15, 0, 0],
						"0.6667": [0, 0, 0],
						"0.7083": [0, 0, 0],
						"0.75": [15, 0, 0],
						"0.7917": [0, 0, 0],
						"0.8333": [0, 0, 0],
						"1.5417": [0, 0, 0],
						"1.5833": [0, 0, 0],
						"1.625": [15, 0, 0],
						"1.6667": [0, 0, 0],
						"1.7083": [0, 0, 0],
						"1.75": [15, 0, 0],
						"1.7917": [0, 0, 0],
						"1.8333": [0, 0, 0],
						"1.875": [0, 0, 0],
						"1.9167": [0, 0, 0],
						"1.9583": [15, 0, 0],
						"2.0": [0, 0, 0],
						"2.0417": [0, 0, 0],
						"2.0833": [15, 0, 0],
						"2.125": [0, 0, 0],
						"2.1667": [0, 0, 0],
						"2.2083": [15, 0, 0],
						"2.25": [0, 0, 0],
						"2.2917": [0, 0, 0]
					}
				},
				"RightEar2": {
					"rotation": {
						"1.375": [0, 0, 0],
						"1.4583": [13, 0, 0],
						"1.5417": [-21, 0, 0],
						"1.625": [-12, 0, 0],
						"1.7083": [-21, 0, 0],
						"1.7917": [0, 0, 0]
					}
				},
				"LeftEar2": {
					"rotation": {
						"1.375": [0, 0, 0],
						"1.4583": [13, 0, 0],
						"1.5417": [-21, 0, 0],
						"1.625": [-12, 0, 0],
						"1.7083": [-21, 0, 0],
						"1.7917": [0, 0, 0]
					}
				},
				"RightEyelid2": {
					"position": {
						"0.4167": [0, 0, 0],
						"0.5": [0, -1, 0],
						"0.5833": [0, 0, 0],
						"0.6667": [0, -0.2, 0],
						"0.8333": [0, 0, 0],
						"1.1667": [0, 0, 0],
						"1.25": [0, -0.3, 0],
						"1.7917": [0, -0.3, 0],
						"1.9167": [0, 0, 0]
					}
				},