{
	"format_version": "1.8.0",
	"animations": {
		"0": {
			"loop": true,
			"animation_length": 5,
			"bones": {
				"Pivot": {
					"position": [-1, 0, 0]
				},
				"Body": {
					"rotation": {
						"0.0": [0, 10, 0],
						"0.75": [0, 10, 0],
						"1.0": [0, -25, 0],
						"1.0833": [0, -23, 0],
						"1.2917": [0, -25, 0],
						"1.7083": [0, -25, 0],
						"2.125": [3.19858, 2.33828, -2.36567],
						"2.7917": [3.19858, 2.33828, -2.36567],
						"3.0833": [1.75444, -17.85268, 1.73157],
						"3.2083": [1.73599, -15.85361, 1.79521],
						"3.5": [1.75444, -17.85268, 1.73157],
						"4.5": [0, 10, 0]
					}
				},
				"Head": {
					"rotation": {
						"0.1667": [10.26763, 8.77086, -3.65228],
						"0.375": [-3.94576, 9.1494, 1.39501],
						"0.4583": [-4.7699, 9.14662, 0.43816],
						"0.625": [-3.94576, 9.1494, 1.39501],
						"0.9167": [-3.94576, 9.1494, 1.39501],
						"1.2917": [-5.20865, 41.55305, -1.43691],
						"1.4583": [-5.13017, 40.55712, -1.31743],
						"1.75": {"pre": [-5.20865, 41.55305, -1.43691], "post": [-5.20865, 41.55305, -1.43691]},
						"2.0833": [-5.1732, 21.41407, -2.20127],
						"2.3333": [-5.1732, 21.41407, -2.20127],
						"2.5833": [9.8268, 21.41407, -2.20127],
						"2.6667": [8.8268, 21.41407, -2.20127],
						"2.75": [9.8268, 21.41407, -2.20127],
						"3.125": [-8.10613, -1.01755, -5.89103],
						"3.375": [-4.76545, 0.76216, -5.48399],
						"3.5833": [-0.50558, 2.95388, 10.59854],
						"3.7083": [0.89787, 3.76335, 7.65323],
						"3.8333": [-0.50558, 2.95388, 10.59854],
						"4.125": [-0.50558, 2.95388, 10.59854],
						"4.3333": [0.86423, 4.72376, -7.83689],
						"4.4167": [2.3111, 5.11575, -4.30371],
						"4.5833": [0.86423, 4.72376, -7.83689],
						"4.7917": [0.86423, 4.72376, -7.83689],
						"4.9583": [10.26763, 8.77086, -3.65228]
					}
				},
				"Jaw": {
					"rotation": {
						"0.25": [-10, 0, 0],
						"0.5": [1, 0, 0],
						"0.6667": [0, 0, 0],
						"0.9167": [1, 0, 0],
						"1.5": [1, 0, 0],
						"1.7083": [-9, 0, 0],
						"1.7917": [1, 0, 0],
						"1.875": [-9, 0, 0],
						"1.9167": [-9, 0, 0],
						"2.0": [1, 0, 0],
						"2.0833": [-9, 0, 0],
						"2.125": [-9, 0, 0],
						"2.2083": [1, 0, 0],
						"2.2917": [-9, 0, 0],
						"2.3333": [-9, 0, 0],
						"2.875": [-9, 0, 0],
						"2.9583": [1, 0, 0],
						"3.0417": [-9, 0, 0],
						"3.0833": [-9, 0, 0],
						"3.1667": [1, 0, 0],
						"3.25": [-9, 0, 0],
						"3.2917": [-9, 0, 0],
						"3.375": [1, 0, 0],
						"3.4583": [-9, 0, 0],
						"3.5": [-9, 0, 0],
						"3.5833": [1, 0, 0],
						"3.6667": [-9, 0, 0],
						"3.7083": [-9, 0, 0],
						"3.7917": [1, 0, 0],
						"3.875": [-9, 0, 0],
						"3.9167": [-9, 0, 0],
						"4.0": [1, 0, 0],
						"4.0833": [-9, 0, 0],
						"4.125": [-9, 0, 0],
						"4.5": [-10, 0, 0]
					}
				},
				"endoi_jaw": {
					"rotation": {
						"0.0": [-5, 0, 0],
						"4.5": [-5, 0, 0]
					}
				},
				"RightEar": {
					"rotation": {
						"0.0833": [0, 0, 0],
						"0.375": [0, 0, -14],
						"0.5417": [0, 0, 7],
						"0.75": [0, 0, 0],
						"2.375": [0, 0, 0],
						"2.5833": [-0.3167, -8.99447, 2.02491],
						"2.75": [0, 17, 0],
						"3.0": [0, 0, 0],
						"3.4167": [0, 0, 0],
						"3.625": [0, 0, -17.5],
						"3.75": [0, 0, -5],
						"3.8333": [0, 0, -1.5],
						"3.9583": [0, 0, -12],
						"4.125": [0, 0, 0],
						"4.2083": [0, 0, 0],
						"4.375": [0, 0, 0],
						"4.5417": [0, 0, -11],
						"4.7083": [0, 0, 3.4],
						"4.9583": [0, 0, 0]
					}
				},
				"LeftEar": {
					"rotation": {
						"0.0833": [0, 0, 0],
						"0.375": [0, 0, 10],
						"0.5417": [-2.00106, -0.83877, -0.05732],
						"0.75": [0, 0, 0],
						"2.375": [0, 0, 0],
						"2.5833": [-4, 0, -2],
						"2.75": [1.81231, -2.37832, 2.83186],
						"3.0": [0, 0, 0],
						"3.5": [0, 0, 0],
						"3.625": [0, 0, -12.5],
						"3.75": [0.02454, -7.99234, 2.14876],
						"3.875": [0.36202, -1.43457, -9.57948],
						"4.0417": [0, 0, 0],
						"4.2083": [0, 0, 0],
						"4.4167": [0, 0, 17],
						"4.5417": [0.00954, -4.99523, 7.78135],
						"4.7083": [0.6408, -4.62503, 0.26396],
						"4.9583": [0, 0, 0]
					}
				},
				"RightEyelid": {
					"rotation": {
						"2.7083": [0, 0, 0],
						"3.2917": [0, 0, 0],
						"3.4167": [13, 0, 0],
						"3.5833": [13, 0, 0],
						"3.6667": [0, 0, 0],
						"4.5": [0, 0, 0]
					},
					"position": {
						"0.0": [0, -0.75, 0],
						"0.1667": [0, 0, 0],
						"0.25": [0, -0.1, 0],
						"0.4583": [0, 0, 0],
						"2.1667": [0, 0, 0],
						"2.375": [0, -0.9, 0],
						"2.5417": [0, -0.9, 0],
						"2.625": [0, -0.9, 0],
						"2.7083": [0, 0, 0],
						"3.2917": [0, 0, 0],
						"3.4167": [0, -0.29, 0],
						"3.5": [0, -0.13, 0],
						"3.5833": [0, -0.29, 0],
						"3.6667": [0, 0, 0],
						"4.5": [0, 0, 0],
						"4.7083": [0, -0.75, 0]
					},
					"scale": {
						"2.1667": [1, 1, 1],
						"2.375": [1, 1.4, 1],
						"2.4583": [1, 1.3, 1],
						"2.5417": [1, 1.36, 1],
						"2.625": [1, 1.36, 1],
						"2.7083": [1, 1, 1],
						"3.2917": [1, 1, 1],
						"3.4167": [1, 1.4, 0.8],
						"3.5": [1, 1.4, 0.8],
						"3.5833": [1, 1.2, 0.8],
						"3.6667": [1, 1, 1],
						"4.5": [1, 1, 1]
					}
				},
				"LeftEyelid": {
					"rotation": {
						"2.7083": [0, 0, 0],
						"3.2917": [0, 0, 0],
						"3.4167": [13, 0, 0],
						"3.5833": [13, 0, 0],
						"3.6667": [0, 0, 0],
						"4.5": [0, 0, 0]
					},
					"position": {
						"0.0": [0, -0.75, 0],
						"0.1667": [0, 0, 0],
						"0.25": [0, -0.1, 0],
						"0.4583": [0, 0, 0],
						"2.1667": [0, 0, 0],
						"2.375": [0, -0.9, 0],
						"2.5417": [0, -0.9, 0],
						"2.625": [0, -0.9, 0],
						"2.7083": [0, 0, 0],
						"3.2917": [0, 0, 0],
						"3.4167": [0, -0.29, 0],
						"3.5": [0, -0.13, 0],
						"3.5833": [0, -0.29, 0],
						"3.6667": [0, 0, 0],
						"4.5": [0, 0, 0],
						"4.7083": [0, -0.75, 0]
					},
					"scale": {
						"2.1667": [1, 1, 1],
						"2.375": [1, 1.4, 1],
						"2.4583": [1, 1.3, 1],
						"2.5417": [1, 1.36, 1],
						"2.625": [1, 1.36, 1],
						"2.7083": [1, 1, 1],
						"3.2917": [1, 1, 1],
						"3.4167": [1, 1.4, 0.8],
						"3.5": [1, 1.4, 0.8],
						"3.5833": [1, 1.2, 0.8],
						"3.6667": [1, 1, 1],
						"4.5": [1, 1, 1]
					}
				},
				"LeftEye": {
					"position": {
						"0.0": [0, 0, 0],
						"0.1667": [0.2, -0.1, 0],
						"2.75": [0.2, -0.1, 0],
						"3.0": [-0.3, 0, 0],
						"4.375": [0, 0, 0]
					}
				},
				"RightEye": {
					"position": {
						"0.0": [0, 0, 0],
						"0.1667": [0.2, -0.1, 0],
						"2.75": [0.2, -0.1, 0],
						"3.0": [-0.3, 0, 0],
						"4.375": [0, 0, 0]
					}
				},
				"LeftArm": {
					"rotation": {
						"0.1667": [0, 0, -20],
						"0.4583": [-120.24768, -55.29115, 17.04444],
						"0.5417": [-117.16403, -55.59415, 13.31647],
						"1.5": [-117.16403, -55.59415, 13.31647],
						"1.875": [-19.4141, 19.89544, -37.76434],
						"2.125": [-19.75197, 19.56026, -38.76525],
						"2.375": [-19.4141, 19.89544, -37.76434],
						"2.7083": [-19.4141, 19.89544, -37.76434],
						"3.5417": [-19.4141, 19.89544, -37.76434],
						"4.5": [0, 0, -20]
					}
				},
				"LeftArm2": {
					"rotation": {
						"0.0": [-87.89016, 18.87985, -15.9932],
						"4.5": [-87.89016, 18.87985, -15.9932]
					}
				},
				"RightArm": {
					"rotation": {
						"0.75": [0, 0, 17.5],
						"1.0833": [1.50701, 4.76804, 17.56274],
						"1.3333": [0, 0, 17.5],
						"4.5": [0, 0, 17.5]
					}
				},
				"RightArm2": {
					"rotation": {
						"0.0": [-90, 0, 0],
						"4.5": [-90, 0, 0]
					}
				},
				"RightLeg": {
					"rotation": [-2.28135, 4.99523, 2.50954]
				},
				"RightLeg2": {
					"rotation": [5, 0, -2.5]
				},
				"RightFoot": {
					"rotation": [-2.5, 2.5, 0]
				},
				"LeftLeg": {
					"rotation": [-2.28135, -4.99523, -2.50954]
				},
				"LeftLeg2": {
					"rotation": [5, 0, 2.5]
				},
				"LeftFoot": {
					"rotation": [-2.5, -2.5, 0]
				}
			}
		}
	}
}