{
	"format_version": "1.8.0",
	"animations": {
		"0": {
			"loop": "hold_on_last_frame",
			"animation_length": 8,
			"bones": {
				"Pivot": {
					"position": {
						"2.0": {
							"vector": [0, -6, 0]
						},
						"2.6": {
							"vector": [0, -6, 0]
						},
						"3.5": {
							"vector": [0, -6, 0]
						},
						"6.0": {
							"vector": [0, -6, 0]
						},
						"6.5": {
							"vector": [0, -6, 0]
						}
					}
				},
				"Head": {
					"rotation": {
						"2.0": {
							"vector": [17.5, 0, 0]
						},
						"2.5": {
							"vector": [17.5, 0, 0]
						},
						"3.5": {
							"vector": [-12.5, 0, 0]
						},
						"6.0": {
							"vector": [-12.5, 0, 0]
						},
						"6.5": {
							"vector": [92.5, 0, 0]
						}
					}
				},
				"right_arm": {
					"rotation": {
						"0.8": {
							"vector": [0, 0, 130]
						},
						"1.0": {
							"vector": [0, 0, 130]
						},
						"1.5": {
							"vector": [0, 0, 105]
						},
						"2.0": {
							"vector": [-55.1165, 7.3828, 1.9497]
						},
						"2.3": {
							"vector": [-25.12, 7.38, 1.95]
						},
						"2.5": {
							"vector": [-55.1165, 7.3828, 1.9497]
						},
						"3.5": {
							"vector": [-74.55789, 9.78295, -2.27764]
						},
						"6.0": {
							"vector": [-74.55789, 9.78295, -2.27764]
						},
						"6.5": {
							"vector": [-7.05789, 9.78295, -2.27764]
						}
					}
				},
				"right_lower_arm": {
					"rotation": {
						"0.8": {
							"vector": [-9.64, -0.08, 31.15]
						},
						"1.0": {
							"vector": [-9.64, -0.08, 31.15]
						},
						"1.5": {
							"vector": [-8.57, 0, -12.86]
						},
						"2.0": {
							"vector": [-10, 0, 0]
						},
						"2.3": {
							"vector": [-75, 0, 0]
						},
						"2.5": {
							"vector": [-60, 0, 0]
						},
						"3.5": {
							"vector": [-15, 0, 0]
						},
						"6.0": {
							"vector": [-15, 0, 0]
						},
						"6.5": {
							"vector": [-155, 0, 0]
						}
					}
				},
				"left_arm": {
					"rotation": {
						"0.8": {
							"vector": [0, 0, -130]
						},
						"1.0": {
							"vector": [0, 0, -130]
						},
						"1.5": {
							"vector": [0, 0, -105]
						},
						"2.0": {
							"vector": [-55.11647, -7.38277, 1.94974]
						},
						"2.3": {
							"vector": [-25.12, -7.38, 1.95]
						},
						"2.5": {
							"vector": [-55.11647, -7.38277, 1.94974]
						},
						"3.5": {
							"vector": [-75.11647, -7.38277, 1.94974]
						},
						"6.0": {
							"vector": [-75.11647, -7.38277, 1.94974]
						},
						"6.5": {
							"vector": [-7.0579, -9.7829, -2.2776]
						}
					}
				},
				"left_lower_arm": {
					"rotation": {
						"0.8": {
							"vector": [-9.64, -0.08, -31.15]
						},
						"1.0": {
							"vector": [-9.64, -0.08, -31.15]
						},
						"1.5": {
							"vector": [-9.64, -0.08, 16.35]
						},
						"2.0": {
							"vector": [-10, 0, 0]
						},
						"2.3": {
							"vector": [-75, 0, 0]
						},
						"2.5": {
							"vector": [-60, 0, 0]
						},
						"3.5": {
							"vector": [-15, 0, 0]
						},
						"6.0": {
							"vector": [-15, 0, 0]
						},
						"6.5": {
							"vector": [-155, 0, 0]
						}
					}
				},
				"lowerbody": {
					"position": {
						"2.0": {
							"vector": [0, -9, 0]
						},
						"2.5": {
							"vector": [0, -9, 0]
						},
						"3.5": {
							"vector": [0, -9, 0]
						},
						"6.0": {
							"vector": [0, -9, 0]
						},
						"6.5": {
							"vector": [0, -9, 0]
						}
					}
				},
				"left_leg": {
					"rotation": {
						"vector": [-180, 0, 0]
					}
				},
				"left_lower_leg": {
					"rotation": {
						"vector": [160, 0, 0]
					}
				},
				"right_leg": {
					"rotation": {
						"vector": [-180, 0, 0]
					}
				},
				"right_lower_leg": {
					"rotation": {
						"vector": [160, 0, 0]
					}
				},
				"crank": {
					"rotation": {
						"0.0": {
							"vector": [0, 0, 0]
						},
						"8.0": {
							"vector": [1440, 0, 0]
						}
					}
				},
				"Body": {
					"rotation": {
						"0.8": {
							"vector": [12.5, 0, 0]
						},
						"1.0": {
							"vector": [12.5, 0, 0]
						},
						"1.5": {
							"vector": [-10, 0, 0]
						},
						"2.0": {
							"vector": [35, 0, 0]
						},
						"2.5": {
							"vector": [0, 0, 0]
						},
						"3.5": {
							"vector": [27.5, 0, 0]
						},
						"6.0": {
							"vector": [27.5, 0, 0]
						},
						"6.5": {
							"vector": [-115, 0, 0]
						}
					},
					"position": {
						"0.8": {
							"vector": [0, -29, -2]
						},
						"1.0": {
							"vector": [0, 0, -2]
						},
						"1.5": {
							"vector": [0, 1, 5]
						},
						"2.0": {
							"vector": [0, 0, 5]
						},
						"2.5": {
							"vector": [0, 0, 5]
						},
						"3.5": {
							"vector": [0, 0, -6]
						},
						"6.0": {
							"vector": [0, 0, -6]
						},
						"6.5": {
							"vector": [0, 0, -6]
						}
					}
				},
				"right_hand": {
					"rotation": {
						"0.8": {
							"vector": [-17.5, 0, 0]
						},
						"1.0": {
							"vector": [-17.5, 0, 0]
						},
						"1.5": {
							"vector": [-17.5, 0, 0]
						},
						"2.0": {
							"vector": [-17.5, 0, 0]
						},
						"2.2": {
							"vector": [-55, 0, 0]
						},
						"2.3": {
							"vector": [-17.5, 0, 0]
						},
						"2.5": {
							"vector": [-17.5, 0, 0]
						},
						"3.5": {
							"vector": [-17.5, 0, 0]
						},
						"6.0": {
							"vector": [-17.5, 0, 0]
						},
						"6.5": {
							"vector": [-17.5, 0, 0]
						}
					}
				},
				"left_hand": {
					"rotation": {
						"0.8": {
							"vector": [-17.5, 0, 0]
						},
						"1.0": {
							"vector": [-17.5, 0, 0]
						},
						"1.5": {
							"vector": [-17.5, 0, 0]
						},
						"2.0": {
							"vector": [-17.5, 0, 0]
						},
						"2.2": {
							"vector": [-77.5, 0, 0]
						},
						"2.3": {
							"vector": [-17.5, 0, 0]
						},
						"2.5": {
							"vector": [-17.5, 0, 0]
						},
						"3.5": {
							"vector": [-17.5, 0, 0]
						},
						"6.0": {
							"vector": [-17.5, 0, 0]
						},
						"6.5": {
							"vector": [-17.5, 0, 0]
						}
					}
				},
				"Lid": {
					"rotation": {
						"0.8": {
							"vector": [0, 0, 0]
						},
						"0.9": {
							"vector": [0, 0, 145]
						},
						"6.0": {
							"vector": [0, 0, 145]
						},
						"6.5": {
							"vector": [0, 0, 0]
						}
					}
				},
				"Lid2": {
					"rotation": {
						"0.8": {
							"vector": [0, 0, 0]
						},
						"0.9": {
							"vector": [0, 0, -145]
						},
						"6.0": {
							"vector": [0, 0, -145]
						},
						"6.5": {
							"vector": [0, 0, 0]
						}
					}
				},
				"RedPresent": {
					"rotation": {
						"2.0": {
							"vector": [52.5, 0, 0]
						},
						"2.5": {
							"vector": [0, 0, 0]
						},
						"3.5": {
							"vector": [25, 0, 0]
						},
						"6.0": {
							"vector": [25, 0, 0]
						},
						"6.5": {
							"vector": [25, 0, 0]
						}
					},
					"position": {
						"2.0": {
							"vector": [0, 3, 5]
						},
						"2.5": {
							"vector": [0, 23, -2]
						},
						"3.5": {
							"vector": [0, 12, -19]
						},
						"6.0": {
							"vector": [0, 12, -19]
						},
						"6.5": {
							"vector": [0, 12, -17]
						}
					},
					"scale": {
						"6.0": {
							"vector": [1, 1, 1]
						},
						"6.1": {
							"vector": [0, 0, 0]
						}
					}
				},
				"Top": {
					"position": {
						"3.5": {
							"vector": [0, 0, 0]
						},
						"3.7": {
							"vector": [0, 28, 0]
						},
						"6.0": {
							"vector": [0, 28, 0]
						},
						"6.5": {
							"vector": [0, 28, 0]
						}
					},
					"scale": {
						"3.5": {
							"vector": [1, 1, 1]
						},
						"3.7": {
							"vector": [0, 0, 0]
						},
						"6.0": {
							"vector": [0, 0, 0]
						},
						"6.5": {
							"vector": [0, 0, 0]
						}
					}
				}
			}
		}
	},
	"geckolib_format_version": 2
}