{
	"format_version": "1.8.0",
	"animations": {
		"0": {
			"loop": true,
			"animation_length": 2.5833,
			"bones": {
				"Body": {
					"rotation": {
						"0.0": {
							"vector": [0, 0, 0]
						},
						"0.2917": {
							"vector": [0, -27.5, 0]
						},
						"0.375": {
							"vector": [0, -27, 0]
						},
						"0.4583": {
							"vector": [0, -27.5, 0]
						},
						"1.0": {
							"vector": [0, -27.5, 0]
						},
						"1.375": {
							"vector": [0, 25.5, 0]
						},
						"1.4583": {
							"vector": [0, 23, 0]
						},
						"1.5417": {
							"vector": [0, 23.63, 0]
						},
						"1.875": {
							"vector": [0, 22.54, 0]
						},
						"2.4583": {
							"vector": [0, 0, 0]
						}
					}
				},
				"LeftArm": {
					"rotation": {
						"1.0": {
							"vector": [8.47288, 11.11188, -14.40924]
						},
						"1.375": {
							"vector": [8.47288, 11.11188, -14.40924]
						},
						"1.4583": {
							"vector": [8.31912, 2.20794, -15.73096]
						},
						"1.5417": {
							"vector": [8.47288, 11.11188, -14.40924]
						}
					}
				},
				"LeftLowerArm": {
					"rotation": {
						"0.0": {
							"vector": [-67.5, 0, 0]
						},
						"0.4583": {
							"vector": [-67.5, 0, 0]
						},
						"0.625": {
							"vector": [-71.69549, 13.31501, -34.84537]
						},
						"0.7083": {
							"vector": [-70.84335, 12.03003, -30.96268]
						},
						"0.7917": {
							"vector": [-71.69549, 13.31501, -34.84537]
						},
						"1.5": {
							"vector": [-71.69549, 13.31501, -34.84537]
						},
						"1.6667": {
							"vector": [-67.5, 0, 0]
						},
						"1.75": {
							"vector": [-67.57713, 1.91134, -4.62111]
						},
						"1.8333": {
							"vector": [-67.5, 0, 0]
						}
					}
				},
				"LeftHand": {
					"rotation": {
						"0.0": {
							"vector": [0, -20, 0]
						},
						"1.0417": {
							"vector": [0, -47.5, 0]
						},
						"1.375": {
							"vector": [0, -112.5, 0]
						},
						"1.75": {
							"vector": [0, -50, 0]
						},
						"2.25": {
							"vector": [0, -20, 0]
						}
					}
				},
				"RightArm": {
					"rotation": {
						"0.0": {
							"vector": [-14.2465, 48.83496, 32.50849]
						},
						"0.6667": {
							"vector": [-14.2465, 48.83496, 32.50849]
						},
						"1.0417": {
							"vector": [-29.96922, 3.05788, 15.71402]
						},
						"1.1667": {
							"vector": [-36.20043, 1.18974, 19.93653]
						},
						"1.3333": {
							"vector": [-26.12224, 4.53439, 9.34885]
						},
						"1.5": {
							"vector": [-48.96571, 11.27957, 27.49567]
						},
						"1.6667": {
							"vector": [-36.11319, 19.0871, 4.43177]
						},
						"1.8333": {
							"vector": [-14.2465, 48.83496, 32.50849]
						},
						"1.9583": {
							"vector": [-10.2465, 48.83496, 32.50849]
						},
						"2.0417": {
							"vector": [-14.2465, 48.83496, 32.50849]
						}
					}
				},
				"RightArmLower": {
					"rotation": {
						"0.0": {
							"vector": [-108.51412, -3.94485, -34.36164]
						},
						"1.1667": {
							"vector": [-108.51412, -3.94485, -34.36164]
						},
						"1.3333": {
							"vector": [0, 0, 0]
						},
						"1.5": {
							"vector": [-108.51412, -3.94485, -34.36164]
						},
						"1.6667": {
							"vector": [0, 0, 0]
						},
						"1.8333": {
							"vector": [-108.51412, -3.94485, -34.36164]
						}
					}
				},
				"HooK": {
					"rotation": {
						"0.0": {
							"vector": [-14.03271, 26.79524, -6.42848]
						},
						"1.0417": {
							"vector": [-14.03271, 26.79524, -6.42848]
						},
						"1.2917": {
							"vector": [-28.12892, -62.67182, 25.4046]
						},
						"1.7083": {
							"vector": [-28.12892, -62.67182, 25.4046]
						},
						"1.875": {
							"vector": [-14.03271, 26.79524, -6.42848]
						}
					}
				},
				"LeftLeg": {
					"rotation": {
						"vector": [0, -5, 0]
					}
				},
				"RightLeg": {
					"rotation": {
						"vector": [0, 5, 0]
					}
				},
				"Head": {
					"rotation": {
						"0.0": {
							"vector": [0, 0, 0]
						},
						"0.2917": {
							"vector": [0, 28, 0]
						},
						"0.625": {
							"vector": [-15, 28, 0]
						},
						"0.9583": {
							"vector": [-15, 28, 0]
						},
						"1.375": {
							"vector": [0, 28, 0]
						},
						"1.4583": {
							"vector": [0, 17.55, 0]
						},
						"1.5417": {
							"vector": [0, 28, 0]
						},
						"2.125": {
							"vector": [0.27846, -1.98053, -8.00481]
						},
						"2.2917": {
							"vector": [0.27846, -1.98053, -8.00481]
						},
						"2.4583": {
							"vector": [0, 0, 0]
						},
						"2.5833": {
							"vector": [0, 0, 0]
						}
					}
				},
				"LeftEar": {
					"rotation": {
						"1.375": {
							"vector": [0, 0, 0]
						},
						"1.4583": {
							"vector": [13, 0, 0]
						},
						"1.5417": {
							"vector": [-21, 0, 0]
						},
						"1.625": {
							"vector": [-12, 0, 0]
						},
						"1.7083": {
							"vector": [-21, 0, 0]
						},
						"1.7917": {
							"vector": [0, 0, 0]
						}
					}
				},
				"RightEar": {
					"rotation": {
						"1.375": {
							"vector": [0, 0, 0]
						},
						"1.4583": {
							"vector": [13, 0, 0]
						},
						"1.5417": {
							"vector": [-21, 0, 0]
						},
						"1.625": {
							"vector": [-12, 0, 0]
						},
						"1.7083": {
							"vector": [-21, 0, 0]
						},
						"1.7917": {
							"vector": [0, 0, 0]
						}
					}
				},
				"Jaw": {
					"rotation": {
						"0.4167": {
							"vector": [0, 0, 0]
						},
						"0.4583": {
							"vector": [0, 0, 0]
						},
						"0.5": {
							"vector": [15, 0, 0]
						},
						"0.5417": {
							"vector": [0, 0, 0]
						},
						"0.5833": {
							"vector": [0, 0, 0]
						},
						"0.625": {
							"vector": [15, 0, 0]
						},
						"0.6667": {
							"vector": [0, 0, 0]
						},
						"0.7083": {
							"vector": [0, 0, 0]
						},
						"0.75": {
							"vector": [15, 0, 0]
						},
						"0.7917": {
							"vector": [0, 0, 0]
						},
						"0.8333": {
							"vector": [0, 0, 0]
						},
						"1.5417": {
							"vector": [0, 0, 0]
						},
						"1.5833": {
							"vector": [0, 0, 0]
						},
						"1.625": {
							"vector": [15, 0, 0]
						},
						"1.6667": {
							"vector": [0, 0, 0]
						},
						"1.7083": {
							"vector": [0, 0, 0]
						},
						"1.75": {
							"vector": [15, 0, 0]
						},
						"1.7917": {
							"vector": [0, 0, 0]
						},
						"1.8333": {
							"vector": [0, 0, 0]
						},
						"1.875": {
							"vector": [0, 0, 0]
						},
						"1.9167": {
							"vector": [0, 0, 0]
						},
						"1.9583": {
							"vector": [15, 0, 0]
						},
						"2.0": {
							"vector": [0, 0, 0]
						},
						"2.0417": {
							"vector": [0, 0, 0]
						},
						"2.0833": {
							"vector": [15, 0, 0]
						},
						"2.125": {
							"vector": [0, 0, 0]
						},
						"2.1667": {
							"vector": [0, 0, 0]
						},
						"2.2083": {
							"vector": [15, 0, 0]
						},
						"2.25": {
							"vector": [0, 0, 0]
						},
						"2.2917": {
							"vector": [0, 0, 0]
						}
					}
				},
				"RightEye": {
					"position": {
						"0.0417": {
							"vector": [0, 0, 0]
						},
						"0.2083": {
							"vector": [0.4, 0, 0]
						},
						"0.5833": {
							"vector": [0.4, 0, 0]
						},
						"0.6667": {
							"vector": [0, 0, 0]
						},
						"1.2917": {
							"vector": [0, 0, 0]
						},
						"1.4167": {
							"vector": [-0.5, 0, 0]
						},
						"1.7083": {
							"vector": [-0.5, 0, 0]
						},
						"1.9167": {
							"vector": [0, 0, 0]
						},
						"2.0417": {
							"vector": [0.2, -0.3, 0]
						},
						"2.2917": {
							"vector": [0.2, -0.3, 0]
						},
						"2.4583": {
							"vector": [0, 0, 0]
						}
					}
				},
				"LeftEye": {
					"position": {
						"0.0417": {
							"vector": [0, 0, 0]
						},
						"0.2083": {
							"vector": [0.4, 0, 0]
						},
						"0.5833": {
							"vector": [0.4, 0, 0]
						},
						"0.6667": {
							"vector": [0, 0, 0]
						},
						"1.2917": {
							"vector": [0, 0, 0]
						},